ID,Name,Link,Image,Price,Category,,,,,,,Category
12727861,"ASUS VivoBook 14"" Touchscreen 2-in-1 Laptop (Intel Pentium Silver N5000/64GB eMMC/4GB RAM/Win 10 S)",https://www.bestbuy.ca/en-ca/product/asus-vivobook-14-touchscreen-2-in-1-laptop-intel-pentium-silver-n5000-64gb-emmc-4gb-ram-win-10-s/12727861.aspx?,https://multimedia.bbycastatic.ca/multimedia/products/150x150/127/12727/12727861.jpg,$429.99 ,2 in 1 Laptops,,,,,,,2 in 1 Laptops
12315116,"ASUS ZenBook Flip 14"" Touchscreen 2-in-1 Laptop - Gold (Intel Core i5-8250U/256GB SSD/8GB RAM/Windows 10)",https://www.bestbuy.ca/en-ca/product/asus-zenbook-flip-14-touchscreen-2-in-1-laptop-gold-intel-core-i5-8250u-256gb-ssd-8gb-ram-windows-10/12315116.aspx?,https://multimedia.bbycastatic.ca/multimedia/products/150x150/123/12315/12315116.jpg,$999.99 ,2 in 1 Laptops,,,,,,,All-in-One Computers
12315117,"ASUS ZenBook Flip 14"" Touchscreen 2-in-1 Laptop - Grey (Intel Core i5-8250U/256GB SSD/8GB RAM/Windows 10)",https://www.bestbuy.ca/en-ca/product/asus-zenbook-flip-14-touchscreen-2-in-1-laptop-grey-intel-core-i5-8250u-256gb-ssd-8gb-ram-windows-10/12315117.aspx?,https://multimedia.bbycastatic.ca/multimedia/products/150x150/123/12315/12315117.jpg,$999.99 ,2 in 1 Laptops,,,,,,,Android Tablets
11558806,"ASUS ZenBook Flip S 13.3"" 2-in-1 Laptop - Royal Blue (Intel Core i7-8550U/512GB SSD/16GB RAM/Win10)",https://www.bestbuy.ca/en-ca/product/asus-zenbook-flip-s-13-3-2-in-1-laptop-royal-blue-intel-core-i7-8550u-512gb-ssd-16gb-ram-win10/11558806.aspx?,https://multimedia.bbycastatic.ca/multimedia/products/150x150/115/11558/11558806.jpg,"$1,699.99 ",2 in 1 Laptops,,,,,,,Backpacks
13024558,"ASUS VivoBook 14"" Touchscreen 2-in-1 Laptop (Intel Pentium N5000/64GB eMMC/4GB RAM/Win 10S)-Open Box",https://www.bestbuy.ca/en-ca/product/asus-vivobook-14-touchscreen-2-in-1-laptop-intel-pentium-n5000-64gb-emmc-4gb-ram-win-10s-open-box/13024558.aspx?,https://multimedia.bbycastatic.ca/multimedia/products/150x150/130/13024/13024558.jpg,$399.99 ,2 in 1 Laptops,,,,,,,Chromebooks
13018563,"ASUS 14"" Touchscreen 2-in-1 Laptop - Star Grey (Intel Core i5-8250U/256GB SSD/8GB RAM/Windows 10)",https://www.bestbuy.ca/en-ca/product/asus-14-touchscreen-2-in-1-laptop-star-grey-intel-core-i5-8250u-256gb-ssd-8gb-ram-windows-10/13018563.aspx?,https://multimedia.bbycastatic.ca/multimedia/products/150x150/130/13018/13018563.jpg,$999.99 ,2 in 1 Laptops,,,,,,,Computer Monitors
12553752,"ASUS ZenBook Flip 14"" 2-in-1 Laptop - Gold (Intel Core i5-8250U/256GB SSD/8GB RAM/Win 10) - Open Box",https://www.bestbuy.ca/en-ca/product/asus-zenbook-flip-14-2-in-1-laptop-gold-intel-core-i5-8250u-256gb-ssd-8gb-ram-win-10-open-box/12553752.aspx?,https://multimedia.bbycastatic.ca/multimedia/products/150x150/125/12553/12553752.jpg,$949.99 ,2 in 1 Laptops,,,,,,,Everyday Computing
12553749,ASUS Vivo AiO All-in-One PC (Intel Core i5-8250U/1TB HDD/128GB SSD/8GB RAM/Windows 10) - Open Box,https://www.bestbuy.ca/en-ca/product/asus-vivo-aio-all-in-one-pc-intel-core-i5-8250u-1tb-hdd-128gb-ssd-8gb-ram-windows-10-open-box/12553749.aspx?,https://multimedia.bbycastatic.ca/multimedia/products/150x150/125/12553/12553749.jpg,$849.99 ,All-in-One Computers,,,,,,,Gaming Desktop Computers
13199908,"Refurbished ASUS ZenPad 10"" Z300C Tablet, Android 5.0,Intel Atom x3 C3200 Quad Core, 16GB SSD,2GB RAM",https://www.bestbuy.ca/en-ca/product/refurbished-asus-zenpad-10-z300c-tablet-android-5-0-intel-atom-x3-c3200-quad-core-16gb-ssd-2gb-ram/13199908.aspx?,https://multimedia.bbycastatic.ca/multimedia/products/150x150/131/13199/13199908.jpg,$139.00 ,Android Tablets,,,,,,,Gaming Laptops
10520954,"Alienware Vindicator 2.0 17.3"" Laptop Day Backpack - Black",https://www.bestbuy.ca/en-ca/product/alienware-alienware-vindicator-2-0-17-3-laptop-day-backpack-black-a9213504/10520954.aspx?,https://multimedia.bbycastatic.ca/multimedia/products/150x150/105/10520/10520954.jpg,$169.99 ,Backpacks,,,,,,,Gaming Monitors
10520953,"Alienware Vindicator 2.0 15.6"" Laptop Day Backpack - Black",https://www.bestbuy.ca/en-ca/product/alienware-alienware-vindicator-2-0-15-6-laptop-day-backpack-black-a9213500/10520953.aspx?,https://multimedia.bbycastatic.ca/multimedia/products/150x150/105/10520/10520953.jpg,$159.99 ,Backpacks,,,,,,,Keyboards
13018561,"ASUS C202SA 11.6"" Rugged Chromebook - Dark Grey (Intel Celeron N3060/16GB HDD/2GB RAM/Chrome OS)",https://www.bestbuy.ca/en-ca/product/asus-c202sa-11-6-rugged-chromebook-dark-grey-intel-celeron-n3060-16gb-hdd-2gb-ram-chrome-os/13018561.aspx?,https://multimedia.bbycastatic.ca/multimedia/products/150x150/130/13018/13018561.jpg,$199.99 ,Chromebooks,,,,,,,Laptops
13018565,"ASUS C523NA 15.6"" Touchscreen Chromebook (Intel Pentium N4200/64GB HDD/4GB RAM/Chrome OS)",https://www.bestbuy.ca/en-ca/product/asus-c523na-15-6-touchscreen-chromebook-intel-pentium-n4200-64gb-hdd-4gb-ram-chrome-os/13018565.aspx?,https://multimedia.bbycastatic.ca/multimedia/products/150x150/130/13018/13018565.jpg,$399.99 ,Chromebooks,,,,,,,Optical Drives & Media
10655102,"ASUS Flip 12.5"" Chromebook - Silver (Intel Core m3-6Y30 / 64GB SSD / 4GB RAM / Chrome OS)",https://www.bestbuy.ca/en-ca/product/asus-flip-12-5-chromebook-silver-intel-core-m3-6y30-64gb-ssd-4gb-ram-chrome-os/10655102.aspx?,https://multimedia.bbycastatic.ca/multimedia/products/150x150/106/10655/10655102.jpg,$569.99 ,Chromebooks,,,,,,,Other Computer Accessories
13018564,"ASUS C223NA 11.6"" Chromebook - Grey (Intel Celeron N3350/32GB HDD/4GB RAM/Chrome OS)",https://www.bestbuy.ca/en-ca/product/asus-c223na-11-6-chromebook-grey-intel-celeron-n3350-32gb-hdd-4gb-ram-chrome-os/13018564.aspx?,https://multimedia.bbycastatic.ca/multimedia/products/150x150/130/13018/13018564.jpg,$259.99 ,Chromebooks,,,,,,,Projectors & Accessories
13309284,"ASUS C223NA 11.6"" Chromebook - Grey (Intel Celeron N3350/32GB HDD/4GB RAM/Chrome OS) - Open Box",https://www.bestbuy.ca/en-ca/product/asus-c223na-11-6-chromebook-grey-intel-celeron-n3350-32gb-hdd-4gb-ram-chrome-os-open-box/13309284.aspx?,https://multimedia.bbycastatic.ca/multimedia/products/150x150/133/13309/13309284.jpg,$219.99 ,Chromebooks,,,,,,,Unlocked ASUS Phones
13309285,"ASUS C202SA 11.6"" Chromebook - Dark Grey (Intel Celeron N3060/16GB HDD/2GB RAM/Chrome OS) - Open Box",https://www.bestbuy.ca/en-ca/product/asus-c202sa-11-6-chromebook-dark-grey-intel-celeron-n3060-16gb-hdd-2gb-ram-chrome-os-open-box/13309285.aspx?,https://multimedia.bbycastatic.ca/multimedia/products/150x150/133/13309/13309285.jpg,$179.99 ,Chromebooks,,,,,,,Windows Tablets
13388844,"ASUS C523NA 15.6"" Touchscreen Chromebook (Intel Pentium N4200/64GB HDD/4GB RAM/Chrome OS) - Open Box",https://www.bestbuy.ca/en-ca/product/asus-c523na-15-6-touchscreen-chromebook-intel-pentium-n4200-64gb-hdd-4gb-ram-chrome-os-open-box/13388844.aspx?,https://multimedia.bbycastatic.ca/multimedia/products/150x150/133/13388/13388844.jpg,$359.99 ,Chromebooks,,,,,,,Wireless Routers
13359104,"ASUS 27"" FHD 75Hz 5ms GTG IPS LED Monitor (VZ279HE) - Black",https://www.bestbuy.ca/en-ca/product/asus-27-fhd-75hz-5ms-gtg-ips-led-monitor-vz279he-black/13359104.aspx?,https://multimedia.bbycastatic.ca/multimedia/products/150x150/133/13359/13359104.jpg,$199.99 ,Computer Monitors,,,,,,,Wireless USB Adapters
10737846,"ASUS 21.5"" FHD 60Hz 5ms GTG IPS LED Monitor (VZ229H) - Black",https://www.bestbuy.ca/en-ca/product/asus-21-5-fhd-60hz-5ms-gtg-ips-led-monitor-vz229h-black/10737846.aspx?,https://multimedia.bbycastatic.ca/multimedia/products/150x150/107/10737/10737846.jpg,$129.99 ,Computer Monitors,,,,,,,
10460629,"ASUS 31.5"" WQHD 60Hz 5ms IPS LED Monitor (VA32AQ)",https://www.bestbuy.ca/en-ca/product/asus-asus-31-5-wqhd-60hz-5ms-ips-led-monitor-va32aq-va32aq/10460629.aspx?,https://multimedia.bbycastatic.ca/multimedia/products/150x150/104/10460/10460629.jpg,$329.99 ,Computer Monitors,,,,,,,
10737845,"ASUS ZenScreen 15.6"" FHD 60Hz 5ms GTG IPS LCD Monitor (MB16AC) - Dark Grey",https://www.bestbuy.ca/en-ca/product/asus-zenscreen-15-6-fhd-60hz-5ms-gtg-ips-lcd-monitor-mb16ac-dark-grey/10737845.aspx?,https://multimedia.bbycastatic.ca/multimedia/products/150x150/107/10737/10737845.jpg,$289.99 ,Computer Monitors,,,,,,,
12869234,ASUS VivoMini VC66 Mini PC (Intel Core i5-8400/1TB HDD/8GB RAM/Windows 10),https://www.bestbuy.ca/en-ca/product/asus-vivomini-vc66-mini-pc-intel-core-i5-8400-1tb-hdd-8gb-ram-windows-10/12869234.aspx?,https://multimedia.bbycastatic.ca/multimedia/products/150x150/128/12869/12869234.jpg,$818.99 ,Everyday Computing,,,,,,,
10448418,"Dell Alienware Steam Machine - i7 4785T, 8GB DDR3, 1TB HDD, NVIDIA GeForce GTX, Steam OS",https://www.bestbuy.ca/en-ca/product/alienware-dell-alienware-steam-machine-i7-4785t-8gb-ddr3-1tb-hdd-nvidia-geforce-gtx-steam-os-asm100-6980blk/10448418.aspx?,https://multimedia.bbycastatic.ca/multimedia/products/150x150/104/10448/10448418.jpeg,$619.00 ,Gaming Desktop Computers,,,,,,,
13469691,Alienware Aurora R8 - Nvidia RTX 2080 Ti - i9-9900K- 16GB - 256GB SSD + 2TB HD -WIN 10 Home - Certified Refurbished,https://www.bestbuy.ca/en-ca/product/alienware-aurora-r8-nvidia-rtx-2080-ti-i9-9900k-16gb-256gb-ssd-2tb-hd-win-10-home-certified-refurbished/13469691.aspx?,https://multimedia.bbycastatic.ca/multimedia/products/150x150/134/13469/13469691.jpg,"$3,399.00 ",Gaming Desktop Computers,,,,,,,
13339575,Alienware Area 51 R6 - Nvidia 1050 Ti -Threadripper 1900X - 8GB RAM - 2TB HD-WIN 10 HOME-Certified Refurbished,https://www.bestbuy.ca/en-ca/product/alienware-area-51-r6-nvidia-1050-ti-threadripper-1900x-8gb-ram-2tb-hd-win-10-home-certified-refurbished/13339575.aspx?,https://multimedia.bbycastatic.ca/multimedia/products/150x150/133/13339/13339575.jpg,"$1,899.00 ",Gaming Desktop Computers,,,,,,,
13469684,Alienware Aurora R8 - Nvidia GTX 1080 - i7-9700K- 16GB - 256GB SSD + 1TB HD -WIN 10 Home - Certified Refurbished,https://www.bestbuy.ca/en-ca/product/alienware-aurora-r8-nvidia-gtx-1080-i7-9700k-16gb-256gb-ssd-1tb-hd-win-10-home-certified-refurbished/13469684.aspx?,https://multimedia.bbycastatic.ca/multimedia/products/150x150/134/13469/13469684.jpg,"$2,299.00 ",Gaming Desktop Computers,,,,,,,
13339569,Alienware Centauri-X Gaming PC - Epic Silver (Intel i7-7800X/2TB HDD/256GB SSD/16GB RAM/ GTX 1080 Ti) - Eng,https://www.bestbuy.ca/en-ca/product/alienware-centauri-x-gaming-pc-epic-silver-intel-i7-7800x-2tb-hdd-256gb-ssd-16gb-ram-gtx-1080-ti-eng/13339569.aspx?,https://multimedia.bbycastatic.ca/multimedia/products/150x150/133/13339/13339569.jpg,"$4,249.99 ",Gaming Desktop Computers,,,,,,,
13469689,Alienware Aurora R8 - Nvidia GTX 1080 - i7-9700K- 16GB - 128GB SSD - 2TB HD -WIN 10 Home - Certified Refurbished,https://www.bestbuy.ca/en-ca/product/alienware-aurora-r8-nvidia-gtx-1080-i7-9700k-16gb-128gb-ssd-2tb-hd-win-10-home-certified-refurbished/13469689.aspx?,https://multimedia.bbycastatic.ca/multimedia/products/150x150/134/13469/13469689.jpg,"$2,299.00 ",Gaming Desktop Computers,,,,,,,
13469690,Alienware Aurora R8 - Nvidia RTX 2070 - i7-9700K- 64GB - 256GB SSD - 1TB HD -WIN 10 Home - Certified Refurbished,https://www.bestbuy.ca/en-ca/product/alienware-aurora-r8-nvidia-rtx-2070-i7-9700k-64gb-256gb-ssd-1tb-hd-win-10-home-certified-refurbished/13469690.aspx?,https://multimedia.bbycastatic.ca/multimedia/products/150x150/134/13469/13469690.jpg,"$2,899.00 ",Gaming Desktop Computers,,,,,,,
13469688,Alienware Aurora R8 - Nvidia RTX 2070 - i7-9700K- 16GB - 512GB SSD - 1TB HD -WIN 10 Home - Certified Refurbished,https://www.bestbuy.ca/en-ca/product/alienware-aurora-r8-nvidia-rtx-2070-i7-9700k-16gb-512gb-ssd-1tb-hd-win-10-home-certified-refurbished/13469688.aspx?,https://multimedia.bbycastatic.ca/multimedia/products/150x150/134/13469/13469688.jpg,"$2,699.00 ",Gaming Desktop Computers,,,,,,,
13264549,ASUS TUF FX10CP Gaming PC (Intel Core i5-8400/1TB HDD/8GB RAM/NVIDIA GTX1050/Windows 10) - English,https://www.bestbuy.ca/en-ca/product/asus-tuf-fx10cp-gaming-pc-intel-core-i5-8400-1tb-hdd-8gb-ram-nvidia-gtx1050-windows-10-english/13264549.aspx?,https://multimedia.bbycastatic.ca/multimedia/products/150x150/132/13264/13264549.jpg,"$1,099.99 ",Gaming Desktop Computers,,,,,,,
13218203,ASUS ROG Strix Gaming PC (Intel Core i7-9700K/2TB HDD/256GB SSD/16GB RAM/NVIDIA RTX 2080) - English,https://www.bestbuy.ca/en-ca/product/asus-rog-strix-gaming-pc-intel-core-i7-9700k-2tb-hdd-256gb-ssd-16gb-ram-nvidia-rtx-2080-english/13218203.aspx?,https://multimedia.bbycastatic.ca/multimedia/products/150x150/132/13218/13218203.jpg,"$3,399.99 ",Gaming Desktop Computers,,,,,,,
12869598,ASUS ROG Strix Gaming PC (Intel Core i5-8400/1TB HDD/128GB SSD/8GB RAM/NVIDIA GTX1050) - Open Box,https://www.bestbuy.ca/en-ca/product/asus-rog-strix-gaming-pc-intel-core-i5-8400-1tb-hdd-128gb-ssd-8gb-ram-nvidia-gtx1050-open-box/12869598.aspx?,https://multimedia.bbycastatic.ca/multimedia/products/150x150/128/12869/12869598.jpg,"$1,019.99 ",Gaming Desktop Computers,,,,,,,
13021474,ASUS ROG Strix Call of Duty Gaming PC(Intel Core i7/2TB HDD/256GB SSD/16GB RAM/NVIDIA RTX 2080)-Eng,https://www.bestbuy.ca/en-ca/product/asus-rog-strix-call-of-duty-gaming-pc-intel-core-i7-2tb-hdd-256gb-ssd-16gb-ram-nvidia-rtx-2080-eng/13021474.aspx?,https://multimedia.bbycastatic.ca/multimedia/products/150x150/130/13021/13021474.jpg,"$3,499.99 ",Gaming Desktop Computers,,,,,,,
12608128,"Alienware 17.3"" Gaming Laptop (Intel Core i7-8750H/1TB HDD/128GB SSD/16GB RAM/NVIDIA GTX 1070) - En",https://www.bestbuy.ca/en-ca/product/alienware-17-3-gaming-laptop-intel-core-i7-8750h-1tb-hdd-128gb-ssd-16gb-ram-nvidia-gtx-1070-en/12608128.aspx?,https://multimedia.bbycastatic.ca/multimedia/products/150x150/126/12608/12608128.jpg,"$2,799.99 ",Gaming Laptops,,,,,,,
13024335,"Alienware 15 R4 - 15"" - FHD - NVIDIA 1060 - i7-8750H - 16GB - 128GB SSD + 1TB -WIN10 HOME - Certified Refurbished",https://www.bestbuy.ca/en-ca/product/alienware-15-r4-15-fhd-nvidia-1060-i7-8750h-16gb-128gb-ssd-1tb-win10-home-certified-refurbished/13024335.aspx?,https://multimedia.bbycastatic.ca/multimedia/products/150x150/130/13024/13024335.jpg,"$1,699.00 ",Gaming Laptops,,,,,,,
13371117,"Alienware m15 15.6"" Gaming Laptop (Intel i7-8750H/1TB HDD/128GB SSD/16GB RAM/GTX 1060) - English",https://www.bestbuy.ca/en-ca/product/alienware-m15-15-6-gaming-laptop-intel-i7-8750h-1tb-hdd-128gb-ssd-16gb-ram-gtx-1060-english/13371117.aspx?,https://multimedia.bbycastatic.ca/multimedia/products/150x150/133/13371/13371117.jpg,"$2,199.99 ",Gaming Laptops,,,,,,,
12608125,"Alienware 15.6"" Gaming Laptop (Intel Core i7-8750H/1TB HDD/256GB SSD/16GB RAM/NVIDIA GTX 1060) - En",https://www.bestbuy.ca/en-ca/product/alienware-15-6-gaming-laptop-intel-core-i7-8750h-1tb-hdd-256gb-ssd-16gb-ram-nvidia-gtx-1060-en/12608125.aspx?,https://multimedia.bbycastatic.ca/multimedia/products/150x150/126/12608/12608125.jpg,"$2,499.99 ",Gaming Laptops,,,,,,,
13377378,"Alienware M15 - 15"" - FHD - NVIDIA 1060 - i7-8750H - 16GB - 128GB SSD + 1TB SSHD -WIN10 HOME -Certified Refurbished",https://www.bestbuy.ca/en-ca/product/alienware-m15-15-fhd-nvidia-1060-i7-8750h-16gb-128gb-ssd-1tb-sshd-win10-home-certified-refurbished/13377378.aspx?,https://multimedia.bbycastatic.ca/multimedia/products/150x150/133/13377/13377378.jpg,"$1,699.00 ",Gaming Laptops,,,,,,,
13305700,"Alienware 17.3"" Gaming Laptop (Intel i7-8750H/1TB HDD/128GB SSD/16GB RAM/NVIDIA GTX 1070)- English",https://www.bestbuy.ca/en-ca/product/alienware-17-3-gaming-laptop-intel-i7-8750h-1tb-hdd-128gb-ssd-16gb-ram-nvidia-gtx-1070-english/13305700.aspx?,https://multimedia.bbycastatic.ca/multimedia/products/150x150/133/13305/13305700.jpg,"$3,049.99 ",Gaming Laptops,,,,,,,
13024340,"Alienware 17 R5 - 17"" - FHD - NVIDIA 1070 - i7-8750H - 16GB - 256GB SSD + 1TB -WIN10 HOME - Certified Refurbished",https://www.bestbuy.ca/en-ca/product/alienware-17-r5-17-fhd-nvidia-1070-i7-8750h-16gb-256gb-ssd-1tb-win10-home-certified-refurbished/13024340.aspx?,https://multimedia.bbycastatic.ca/multimedia/products/150x150/130/13024/13024340.jpg,"$1,999.00 ",Gaming Laptops,,,,,,,
12907924,"Alienware 17 R4 - 17"" - FHD - NVIDIA 1060 6GB - i7-7700HQ - 16GB - 128GB SSD + 1TB -WIN10 HOME - Certified Refurbished",https://www.bestbuy.ca/en-ca/product/alienware-17-r4-17-fhd-nvidia-1060-6gb-i7-7700hq-16gb-128gb-ssd-1tb-win10-home-certified-refurbished/12907924.aspx?,https://multimedia.bbycastatic.ca/multimedia/products/150x150/129/12907/12907924.jpg,"$1,699.00 ",Gaming Laptops,,,,,,,
13339456,"Alienware 15 R4 - 15"" - FHD - NVIDIA 1070 - i7-8750H - 16GB - 256GB SSD + 1TB -WIN10 HOME - Certified Refurbished",https://www.bestbuy.ca/en-ca/product/alienware-15-r4-15-fhd-nvidia-1070-i7-8750h-16gb-256gb-ssd-1tb-win10-home-certified-refurbished/13339456.aspx?,https://multimedia.bbycastatic.ca/multimedia/products/150x150/133/13339/13339456.jpg,"$1,899.00 ",Gaming Laptops,,,,,,,
13305705,"Alienware 15.6"" Gaming Laptop (Intel i7/1TB HDD/256GB SSD/16GB RAM/NVIDIA GTX 1070) - English",https://www.bestbuy.ca/en-ca/product/alienware-15-6-gaming-laptop-intel-i7-1tb-hdd-256gb-ssd-16gb-ram-nvidia-gtx-1070-english/13305705.aspx?,https://multimedia.bbycastatic.ca/multimedia/products/150x150/133/13305/13305705.jpg,"$2,549.98 ",Gaming Laptops,,,,,,,
11789533,"Alienware 13.3"" VR Gaming Laptop-Silver (i7-7700HQ/256GB SSD/8GB RAM/NVIDIA GTX 1060)-Eng - Open Box",https://www.bestbuy.ca/en-ca/product/alienware-13-3-vr-gaming-laptop-silver-i7-7700hq-256gb-ssd-8gb-ram-nvidia-gtx-1060-eng-open-box/11789533.aspx?,https://multimedia.bbycastatic.ca/multimedia/products/150x150/117/11789/11789533.jpg,"$1,849.99 ",Gaming Laptops,,,,,,,
12856407,"Alienware 17.3"" Gaming Laptop (Intel i7-8750H/1TB HDD/256GB SSD/8GB RAM/NVIDIA GeForce GTX 1060)-Eng",https://www.bestbuy.ca/en-ca/product/alienware-17-3-gaming-laptop-intel-i7-8750h-1tb-hdd-256gb-ssd-8gb-ram-nvidia-geforce-gtx-1060-eng/12856407.aspx?,https://multimedia.bbycastatic.ca/multimedia/products/150x150/128/12856/12856407.jpg,"$2,149.99 ",Gaming Laptops,,,,,,,
13024343,"Alienware 17 R5 - 17"" - FHD - NVIDIA 1060 - i7-8750H - 32GB - 512GB SSD -WIN10 HOME - Certified Refurbished",https://www.bestbuy.ca/en-ca/product/alienware-17-r5-17-fhd-nvidia-1060-i7-8750h-32gb-512gb-ssd-win10-home-certified-refurbished/13024343.aspx?,https://multimedia.bbycastatic.ca/multimedia/products/150x150/130/13024/13024343.jpg,"$2,099.00 ",Gaming Laptops,,,,,,,
13461073,"Alienware M15 - 15"" UHD - NVIDIA GTX 1070 - i7-8750H - 16GB - 512GB SSD + 1TB HD - WIN10 HOME - Certified Refurbished",https://www.bestbuy.ca/en-ca/product/alienware-m15-15-uhd-nvidia-gtx-1070-i7-8750h-16gb-512gb-ssd-1tb-hd-win10-home-certified-refurbished/13461073.aspx?,https://multimedia.bbycastatic.ca/multimedia/products/150x150/134/13461/13461073.jpg,"$2,149.00 ",Gaming Laptops,,,,,,,
13339464,"Alienware 17 R5 - 17"" - FHD - NVIDIA 1060 - i7-8750H - 32GB - 256GB SSD + 1TB -WIN10 HOME - Certified Refurbished",https://www.bestbuy.ca/en-ca/product/alienware-17-r5-17-fhd-nvidia-1060-i7-8750h-32gb-256gb-ssd-1tb-win10-home-certified-refurbished/13339464.aspx?,https://multimedia.bbycastatic.ca/multimedia/products/150x150/133/13339/13339464.jpg,"$1,999.00 ",Gaming Laptops,,,,,,,
13016138,"Alienware 17.3"" Gaming Laptop (Intel Core i7/1TB HDD/128GB SSD/16GB RAM/GTX 1070) - En - Open Box",https://www.bestbuy.ca/en-ca/product/alienware-17-3-gaming-laptop-intel-core-i7-1tb-hdd-128gb-ssd-16gb-ram-gtx-1070-en-open-box/13016138.aspx?,https://multimedia.bbycastatic.ca/multimedia/products/150x150/130/13016/13016138.jpg,"$2,699.99 ",Gaming Laptops,,,,,,,
13377379,"Alienware M15 - 15"" - FHD - NVIDIA GTX 1060 - i7-8750H - 16GB - 256GB SSD - WIN10 HOME - Certified Refurbished",https://www.bestbuy.ca/en-ca/product/alienware-m15-15-fhd-nvidia-gtx-1060-i7-8750h-16gb-256gb-ssd-win10-home-certified-refurbished/13377379.aspx?,https://multimedia.bbycastatic.ca/multimedia/products/150x150/133/13377/13377379.jpg,"$1,699.00 ",Gaming Laptops,,,,,,,
13377387,"Alienware M15 - 15"" - FHD - NVIDIA GTX 1060 - i7-8750H - 32GB - 256GB SSD - WIN10 HOME - Certified Refurbished",https://www.bestbuy.ca/en-ca/product/alienware-m15-15-fhd-nvidia-gtx-1060-i7-8750h-32gb-256gb-ssd-win10-home-certified-refurbished/13377387.aspx?,https://multimedia.bbycastatic.ca/multimedia/products/150x150/133/13377/13377387.jpg,"$1,859.00 ",Gaming Laptops,,,,,,,
13339449,"Alienware 13 R3 - 13"" - QHD Touch - NVIDIA 1060 - i7-7700HQ - 32GB - 512GB SSD - WIN10 HOME - Certified Refurbished",https://www.bestbuy.ca/en-ca/product/alienware-13-r3-13-qhd-touch-nvidia-1060-i7-7700hq-32gb-512gb-ssd-win10-home-certified-refurbished/13339449.aspx?,https://multimedia.bbycastatic.ca/multimedia/products/150x150/133/13339/13339449.jpg,"$1,999.00 ",Gaming Laptops,,,,,,,
13377389,"Alienware M15 - 15"" - FHD - NVIDIA GTX 1070 - i7-8750H - 32GB - 2x 512GB SSD - WIN10 HOME - Certified Refurbished",https://www.bestbuy.ca/en-ca/product/alienware-m15-15-fhd-nvidia-gtx-1070-i7-8750h-32gb-2x-512gb-ssd-win10-home-certified-refurbished/13377389.aspx?,https://multimedia.bbycastatic.ca/multimedia/products/150x150/133/13377/13377389.jpg,"$2,599.00 ",Gaming Laptops,,,,,,,
13461077,"Alienware M15 - 15"" FHD - NVIDIA GTX 1070 - i7-8750H - 16GB - 256GB SSD - WIN10 HOME - Certified Refurbished",https://www.bestbuy.ca/en-ca/product/alienware-m15-15-fhd-nvidia-gtx-1070-i7-8750h-16gb-256gb-ssd-win10-home-certified-refurbished/13461077.aspx?,https://multimedia.bbycastatic.ca/multimedia/products/150x150/134/13461/13461077.jpg,"$1,949.00 ",Gaming Laptops,,,,,,,
13016139,"Alienware 15.6"" Gaming Laptop (Intel Core i7/1TB HDD/256GB SSD/16GB RAM/GTX 1060) - En - Open Box",https://www.bestbuy.ca/en-ca/product/alienware-15-6-gaming-laptop-intel-core-i7-1tb-hdd-256gb-ssd-16gb-ram-gtx-1060-en-open-box/13016139.aspx?,https://multimedia.bbycastatic.ca/multimedia/products/150x150/130/13016/13016139.jpg,"$2,399.99 ",Gaming Laptops,,,,,,,
13377385,"Alienware M15 - 15"" - FHD - NVIDIA GTX 1070 - i7-8750H - 32GB -1TB SSHD - WIN10 HOME - Certified Refurbished",https://www.bestbuy.ca/en-ca/product/alienware-m15-15-fhd-nvidia-gtx-1070-i7-8750h-32gb-1tb-sshd-win10-home-certified-refurbished/13377385.aspx?,https://multimedia.bbycastatic.ca/multimedia/products/150x150/133/13377/13377385.jpg,"$2,299.00 ",Gaming Laptops,,,,,,,
13461072,"Alienware M15 - 15"" FHD - NVIDIA GTX 1060 - i7-8750H - 16GB - 512GB SSD + 1TB HD -WIN10 HOME -Certified Refurbished",https://www.bestbuy.ca/en-ca/product/alienware-m15-15-fhd-nvidia-gtx-1060-i7-8750h-16gb-512gb-ssd-1tb-hd-win10-home-certified-refurbished/13461072.aspx?,https://multimedia.bbycastatic.ca/multimedia/products/150x150/134/13461/13461072.jpg,"$1,849.00 ",Gaming Laptops,,,,,,,
13459966,"Alienware 15 R3 - 15"" - FHD - NVIDIA 1070 - i7-7700HQ - 32GB - 1TB SSD + 1TB HD - WIN10 HOME - Certified Refurbished",https://www.bestbuy.ca/en-ca/product/alienware-15-r3-15-fhd-nvidia-1070-i7-7700hq-32gb-1tb-ssd-1tb-hd-win10-home-certified-refurbished/13459966.aspx?,https://multimedia.bbycastatic.ca/multimedia/products/150x150/134/13459/13459966.jpg,"$2,199.00 ",Gaming Laptops,,,,,,,
13377383,"Alienware M15 - 15"" - FHD - NVIDIA GTX 1070 - i7-8750H - 16GB - 2x 512GB SSD - WIN10 HOME - Certified Refurbished",https://www.bestbuy.ca/en-ca/product/alienware-m15-15-fhd-nvidia-gtx-1070-i7-8750h-16gb-2x-512gb-ssd-win10-home-certified-refurbished/13377383.aspx?,https://multimedia.bbycastatic.ca/multimedia/products/150x150/133/13377/13377383.jpg,"$2,499.00 ",Gaming Laptops,,,,,,,
13339463,"Alienware 17 R5 - 17"" - FHD GSYNC - NVIDIA 1060 - i7-8750H - 16GB - 128GB SSD + 1TB -WIN10 HOME - Certified Refurbished",https://www.bestbuy.ca/en-ca/product/alienware-17-r5-17-fhd-gsync-nvidia-1060-i7-8750h-16gb-128gb-ssd-1tb-win10-home-certified-refurbished/13339463.aspx?,https://multimedia.bbycastatic.ca/multimedia/products/150x150/133/13339/13339463.jpg,"$2,099.00 ",Gaming Laptops,,,,,,,
13377384,"Alienware M15 - 15"" - FHD - NVIDIA GTX 1060 - i7-8750H - 16GB - 2x 512GB SSD - WIN10 HOME - Certified Refurbished",https://www.bestbuy.ca/en-ca/product/alienware-m15-15-fhd-nvidia-gtx-1060-i7-8750h-16gb-2x-512gb-ssd-win10-home-certified-refurbished/13377384.aspx?,https://multimedia.bbycastatic.ca/multimedia/products/150x150/133/13377/13377384.jpg,"$2,199.00 ",Gaming Laptops,,,,,,,
12616747,"ASUS TUF 15.6"" Gaming Laptop - Red (Intel Core i5-8300H/1TB HDD/8GB RAM/NVIDIA GTX 1050/Windows 10)",https://www.bestbuy.ca/en-ca/product/asus-tuf-15-6-gaming-laptop-red-intel-core-i5-8300h-1tb-hdd-8gb-ram-nvidia-gtx-1050-windows-10/12616747.aspx?,https://multimedia.bbycastatic.ca/multimedia/products/150x150/126/12616/12616747.jpg,$799.99 ,Gaming Laptops,,,,,,,
13016137,"ASUS TUF 15.6"" Gaming Laptop - Red (Intel Core i5-8300H/1TB HDD/8GB RAM/NVIDIA GTX 1050) - Open Box",https://www.bestbuy.ca/en-ca/product/asus-tuf-15-6-gaming-laptop-red-intel-core-i5-8300h-1tb-hdd-8gb-ram-nvidia-gtx-1050-open-box/13016137.aspx?,https://multimedia.bbycastatic.ca/multimedia/products/150x150/130/13016/13016137.jpg,$749.99 ,Gaming Laptops,,,,,,,
12600845,"ASUS 15.6"" Gaming Laptop - Black (Intel Core i7-8750H/1TB SSHD/12GB RAM/NVIDIA GTX 1050/Windows 10)",https://www.bestbuy.ca/en-ca/product/asus-15-6-gaming-laptop-black-intel-core-i7-8750h-1tb-sshd-12gb-ram-nvidia-gtx-1050-windows-10/12600845.aspx?,https://multimedia.bbycastatic.ca/multimedia/products/150x150/126/12600/12600845.jpg,"$1,199.99 ",Gaming Laptops,,,,,,,
13018560,"ASUS TUF 15.6"" Gaming Laptop (Intel Core i7-8750H/1TB HDD/256 SSD/16GB RAM/NVIDIA GTX 1050Ti/Win 10)",https://www.bestbuy.ca/en-ca/product/asus-tuf-15-6-gaming-laptop-intel-core-i7-8750h-1tb-hdd-256-ssd-16gb-ram-nvidia-gtx-1050ti-win-10/13018560.aspx?,https://multimedia.bbycastatic.ca/multimedia/products/150x150/130/13018/13018560.jpg,"$1,499.99 ",Gaming Laptops,,,,,,,
13413347,"ASUS TUF 15.6"" Gaming Laptop (Intel Ci7-8750H/1TB HDD/256 SSD/16GB RAM/GTX 1050Ti/Win 10) - Open Box",https://www.bestbuy.ca/en-ca/product/asus-tuf-15-6-gaming-laptop-intel-ci7-8750h-1tb-hdd-256-ssd-16gb-ram-gtx-1050ti-win-10-open-box/13413347.aspx?,https://multimedia.bbycastatic.ca/multimedia/products/150x150/134/13413/13413347.jpg,"$1,199.99 ",Gaming Laptops,,,,,,,
13016144,"ASUS VivoBook Pro 15.6"" Gaming Laptop (Intel Core i7/16GB Optane/1TB HDD/8GB RAM/GTX 1050) -Open Box",https://www.bestbuy.ca/en-ca/product/asus-vivobook-pro-15-6-gaming-laptop-intel-core-i7-16gb-optane-1tb-hdd-8gb-ram-gtx-1050-open-box/13016144.aspx?,https://multimedia.bbycastatic.ca/multimedia/products/150x150/130/13016/13016144.jpg,"$1,199.99 ",Gaming Laptops,,,,,,,
13393186,"ASUS ROG Zephyrus S 17.3"" Gaming Laptop (Intel Ci7-8750H/1TB SSD/16GB RAM/NVIDIA RTX 2080) - English",https://www.bestbuy.ca/en-ca/product/asus-rog-zephyrus-s-17-3-gaming-laptop-intel-ci7-8750h-1tb-ssd-16gb-ram-nvidia-rtx-2080-english/13393186.aspx?,https://multimedia.bbycastatic.ca/multimedia/products/150x150/133/13393/13393186.jpg,"$4,299.99 ",Gaming Laptops,,,,,,,
13388655,"ASUS ROG 17.3"" Gaming Laptop (Intel Core i7-8750H/512GB SSD/1TB SSHD/16GB RAM/GeForce RTX 2080) -Eng",https://www.bestbuy.ca/en-ca/product/asus-rog-17-3-gaming-laptop-intel-core-i7-8750h-512gb-ssd-1tb-sshd-16gb-ram-geforce-rtx-2080-eng/13388655.aspx?,https://multimedia.bbycastatic.ca/multimedia/products/150x150/133/13388/13388655.jpg,"$3,699.99 ",Gaming Laptops,,,,,,,
13264557,"ASUS 15.6"" Gaming Laptop - Black (Intel Core i7-8750H/1TB SSHD/12GB RAM/NVIDIA GTX 1050) - Open Box",https://www.bestbuy.ca/en-ca/product/asus-15-6-gaming-laptop-black-intel-core-i7-8750h-1tb-sshd-12gb-ram-nvidia-gtx-1050-open-box/13264557.aspx?,https://multimedia.bbycastatic.ca/multimedia/products/150x150/132/13264/13264557.jpg,"$1,149.99 ",Gaming Laptops,,,,,,,
13388654,"ASUS ROG Strix Scar II 15.6"" Gaming Laptop (Intel Core i7-8750H/512GB SSD/16GB RAM/RTX 2070) - Eng",https://www.bestbuy.ca/en-ca/product/asus-rog-strix-scar-ii-15-6-gaming-laptop-intel-core-i7-8750h-512gb-ssd-16gb-ram-rtx-2070-eng/13388654.aspx?,https://multimedia.bbycastatic.ca/multimedia/products/150x150/133/13388/13388654.jpg,"$2,399.99 ",Gaming Laptops,,,,,,,
13456132,"ASUS ROG Strix 15.6"" Gaming Laptop (Intel i7-8750H/1TB HDD/256GB SSD/16GB RAM/NVIDIA GTX 1050Ti)",https://www.bestbuy.ca/en-ca/product/asus-rog-strix-15-6-gaming-laptop-intel-i7-8750h-1tb-hdd-256gb-ssd-16gb-ram-nvidia-gtx-1050ti/13456132.aspx?,https://multimedia.bbycastatic.ca/multimedia/products/150x150/134/13456/13456132.jpg,"$1,649.99 ",Gaming Laptops,,,,,,,
12929831,"Alienware 24.5"" FHD 240Hz 1ms GTG TN LED G-Sync Gaming Monitor (AW2518H) - Black",https://www.bestbuy.ca/en-ca/product/alienware-24-5-fhd-240hz-1ms-gtg-tn-led-g-sync-gaming-monitor-aw2518h-black/12929831.aspx?,https://multimedia.bbycastatic.ca/multimedia/products/150x150/129/12929/12929831.jpg,$699.99 ,Gaming Monitors,,,,,,,
13339220,"Alienware 24.5"" FHD 240Hz 1ms GTG TN LED G-Sync Gaming Monitor (AW2518H) - Black - Open Box",https://www.bestbuy.ca/en-ca/product/alienware-24-5-fhd-240hz-1ms-gtg-tn-led-g-sync-gaming-monitor-aw2518h-black-open-box/13339220.aspx?,https://multimedia.bbycastatic.ca/multimedia/products/150x150/133/13339/13339220.jpg,$649.99 ,Gaming Monitors,,,,,,,
13359102,"ASUS 24"" FHD 75Hz 1ms GTG TN LED FreeSync Gaming Monitor (VP248QG) - Black",https://www.bestbuy.ca/en-ca/product/asus-24-fhd-75hz-1ms-gtg-tn-led-freesync-gaming-monitor-vp248qg-black/13359102.aspx?,https://multimedia.bbycastatic.ca/multimedia/products/150x150/133/13359/13359102.jpg,$159.99 ,Gaming Monitors,,,,,,,
10460630,"Asus 24"" FHD 75Hz 1ms GTG LED FreeSync/Adaptive Sync Gaming Monitor (VG245H) - Matte Black",https://www.bestbuy.ca/en-ca/product/asus-asus-24-fhd-75hz-1ms-gtg-led-freesync-adaptive-sync-gaming-monitor-vg245h-matte-black-vg245h/10460630.aspx?,https://multimedia.bbycastatic.ca/multimedia/products/150x150/104/10460/10460630.jpg,$199.99 ,Gaming Monitors,,,,,,,
12874669,"Asus 21.5"" FHD 75Hz 1ms GTG TN LED FreeSync Gaming Monitor (VP228QG) - Black",https://www.bestbuy.ca/en-ca/product/asus-21-5-fhd-75hz-1ms-gtg-tn-led-freesync-gaming-monitor-vp228qg-black/12874669.aspx?,https://multimedia.bbycastatic.ca/multimedia/products/150x150/128/12874/12874669.jpg,$119.99 ,Gaming Monitors,,,,,,,
10595601,"ASUS 27"" FHD 60Hz 5ms GTG IPS LED Monitor (VZ279H) - Black",https://www.bestbuy.ca/en-ca/product/asus-asus-27-fhd-60hz-5ms-gtg-ips-led-monitor-vz279h-black-vz279h/10595601.aspx?,https://multimedia.bbycastatic.ca/multimedia/products/150x150/105/10595/10595601.jpg,$229.97 ,Gaming Monitors,,,,,,,
10453592,"ASUS 28"" 4K Ultra HD 1ms LED Gaming Monitor (MG28UQ) - Black",https://www.bestbuy.ca/en-ca/product/asus-asus-28-4k-ultra-hd-1ms-led-gaming-monitor-mg28uq-black-mg28uq/10453592.aspx?,https://multimedia.bbycastatic.ca/multimedia/products/150x150/104/10453/10453592.jpg,$429.99 ,Gaming Monitors,,,,,,,
12352444,"ASUS 27"" FHD 75Hz 1ms GTG TN LED FreeSync Gaming Monitor (VP278QG) - Black",https://www.bestbuy.ca/en-ca/product/asus-27-fhd-75hz-1ms-gtg-tn-led-freesync-gaming-monitor-vp278qg-black/12352444.aspx?,https://multimedia.bbycastatic.ca/multimedia/products/150x150/123/12352/12352444.jpg,$299.99 ,Gaming Monitors,,,,,,,
13359105,"ASUS 27"" FHD 144Hz 3ms GTG IPS LED FreeSync Gaming Monitor (VG279Q) - Charcoal",https://www.bestbuy.ca/en-ca/product/asus-27-fhd-144hz-3ms-gtg-ips-led-freesync-gaming-monitor-vg279q-charcoal/13359105.aspx?,https://multimedia.bbycastatic.ca/multimedia/products/150x150/133/13359/13359105.jpg,$399.99 ,Gaming Monitors,,,,,,,
10669333,"ASUS 24"" FHD 144Hz 1ms TN LED Gaming Monitor (VG248QE) - Black",https://www.bestbuy.ca/en-ca/product/asus-24-fhd-144hz-1ms-tn-led-gaming-monitor-vg248qe-black/10669333.aspx?,https://multimedia.bbycastatic.ca/multimedia/products/150x150/106/10669/10669333.jpg,$349.99 ,Gaming Monitors,,,,,,,
13359106,"ASUS 24"" FHD 75Hz 5ms GTG IPS LED FreeSync Gaming Monitor (VZ249HE) - Black",https://www.bestbuy.ca/en-ca/product/asus-24-fhd-75hz-5ms-gtg-ips-led-freesync-gaming-monitor-vz249he-black/13359106.aspx?,https://multimedia.bbycastatic.ca/multimedia/products/150x150/133/13359/13359106.jpg,$199.99 ,Gaming Monitors,,,,,,,
13201490,"Asus ROG Swift Call of Duty 24.5"" FHD 240Hz 1ms GTG TN LED G-Sync Gaming Monitor (PG258Q) - Black",https://www.bestbuy.ca/en-ca/product/asus-rog-swift-call-of-duty-24-5-fhd-240hz-1ms-gtg-tn-led-g-sync-gaming-monitor-pg258q-black/13201490.aspx?,https://multimedia.bbycastatic.ca/multimedia/products/150x150/132/13201/13201490.jpg,$749.99 ,Gaming Monitors,,,,,,,
13197698,ASUS ROG Strix Flare Backlit Mechanical Cherry MX Red Gaming Keyboard,https://www.bestbuy.ca/en-ca/product/asus-rog-strix-flare-backlit-mechanical-cherry-mx-red-gaming-keyboard/13197698.aspx?,https://multimedia.bbycastatic.ca/multimedia/products/150x150/131/13197/13197698.jpg,$129.99 ,Keyboards,,,,,,,
12600851,"ASUS Vivobook 15.6"" Laptop - Grey (Intel Core i5-8250U/256GB SSD/8GB RAM/Windows 10)",https://www.bestbuy.ca/en-ca/product/asus-vivobook-15-6-laptop-grey-intel-core-i5-8250u-256gb-ssd-8gb-ram-windows-10/12600851.aspx?,https://multimedia.bbycastatic.ca/multimedia/products/150x150/126/12600/12600851.jpg,$649.99 ,Laptops,,,,,,,
11558814,"ASUS ZenBook 14"" Laptop - Grey (Intel Core i5-8250U / 256GB SSD / 8GB RAM / Windows 10)",https://www.bestbuy.ca/en-ca/product/asus-zenbook-14-laptop-grey-intel-core-i5-8250u-256gb-ssd-8gb-ram-windows-10/11558814.aspx?,https://multimedia.bbycastatic.ca/multimedia/products/150x150/115/11558/11558814.jpg,$799.99 ,Laptops,,,,,,,
13414294,"ASUS 14"" Laptop - Star Grey (Intel Celeron N4000/64GB eMMC/4GB RAM/Windows 10 S) - English - Only at Best Buy",https://www.bestbuy.ca/en-ca/product/asus-14-laptop-star-grey-intel-celeron-n4000-64gb-emmc-4gb-ram-windows-10-s-english-only-at-best-buy/13414294.aspx?,https://multimedia.bbycastatic.ca/multimedia/products/150x150/134/13414/13414294.jpg,$299.99 ,Laptops,,,,,,,
12893312,"ASUS Vivobook 15.6"" Laptop - Grey (Intel Core i5-8250U/256GB SSD/8GB RAM/Windows 10) - Open Box",https://www.bestbuy.ca/en-ca/product/asus-vivobook-15-6-laptop-grey-intel-core-i5-8250u-256gb-ssd-8gb-ram-windows-10-open-box/12893312.aspx?,https://multimedia.bbycastatic.ca/multimedia/products/150x150/128/12893/12893312.jpg,$599.99 ,Laptops,,,,,,,
13018562,"ASUS ZenBook 14"" Laptop - Dark Royal Blue (Intel Core i7-8565U/512GB SSD/16GB RAM) - English",https://www.bestbuy.ca/en-ca/product/asus-zenbook-14-laptop-dark-royal-blue-intel-core-i7-8565u-512gb-ssd-16gb-ram-english/13018562.aspx?,https://multimedia.bbycastatic.ca/multimedia/products/150x150/130/13018/13018562.jpg,"$1,399.99 ",Laptops,,,,,,,
12600850,"ASUS VivoBook 15.6"" Laptop - Dark Grey (AMD Dual-Core R3-2200U/128GB SSD/6GB RAM/Windows 10)",https://www.bestbuy.ca/en-ca/product/asus-vivobook-15-6-laptop-dark-grey-amd-dual-core-r3-2200u-128gb-ssd-6gb-ram-windows-10/12600850.aspx?,https://multimedia.bbycastatic.ca/multimedia/products/150x150/126/12600/12600850.jpg,$499.99 ,Laptops,,,,,,,
13018569,"ASUS L406MA 14"" Laptop - Star Grey (Intel Celeron N4000/64GB HDD/4GB RAM/Windows 10)",https://www.bestbuy.ca/en-ca/product/asus-l406ma-14-laptop-star-grey-intel-celeron-n4000-64gb-hdd-4gb-ram-windows-10/13018569.aspx?,https://multimedia.bbycastatic.ca/multimedia/products/150x150/130/13018/13018569.jpg,$349.99 ,Laptops,,,,,,,
12689887,"ASUS ZenBook 15.6"" Touchscreen Laptop - Blue (Intel Core i9-8950HK/512GB SSD/16GB RAM/Win 10) - Eng",https://www.bestbuy.ca/en-ca/product/asus-zenbook-15-6-touchscreen-laptop-blue-intel-core-i9-8950hk-512gb-ssd-16gb-ram-win-10-eng/12689887.aspx?,https://multimedia.bbycastatic.ca/multimedia/products/150x150/126/12689/12689887.jpg,"$2,699.99 ",Laptops,,,,,,,
12315114,"ASUS VivoBook 15.6"" Laptop - Gold (Intel Core i5-8250U/512GB SSD/16GB RAM/Windows 10)",https://www.bestbuy.ca/en-ca/product/asus-vivobook-15-6-laptop-gold-intel-core-i5-8250u-512gb-ssd-16gb-ram-windows-10/12315114.aspx?,https://multimedia.bbycastatic.ca/multimedia/products/150x150/123/12315/12315114.jpg,"$1,199.99 ",Laptops,,,,,,,
12294726,"ASUS ZenBook 14"" Laptop - Grey (Intel Core i5-8250U / 256GB SSD / 8GB RAM / Windows 10) - Open Box",https://www.bestbuy.ca/en-ca/product/asus-zenbook-14-laptop-grey-intel-core-i5-8250u-256gb-ssd-8gb-ram-windows-10-open-box/12294726.aspx?,https://multimedia.bbycastatic.ca/multimedia/products/150x150/122/12294/12294726.jpg,$749.99 ,Laptops,,,,,,,
12600842,"ASUS 14"" Laptop - Star Grey (Intel Pentium Silver N5000/64GB eMMC/4GB RAM/Windows 10 S)",https://www.bestbuy.ca/en-ca/product/asus-14-laptop-star-grey-intel-pentium-silver-n5000-64gb-emmc-4gb-ram-windows-10-s/12600842.aspx?,https://multimedia.bbycastatic.ca/multimedia/products/150x150/126/12600/12600842.jpg,$399.99 ,Laptops,,,,,,,
10719872,"ASUS VivoBook X541 15.6"" Laptop - Black (Intel Core i3-6100U/1TB HDD/8GB RAM/Windows 10) - Open Box",https://www.bestbuy.ca/en-ca/product/asus-vivobook-x541-15-6-laptop-black-intel-core-i3-6100u-1tb-hdd-8gb-ram-windows-10-open-box/10719872.aspx?,https://multimedia.bbycastatic.ca/multimedia/products/150x150/107/10719/10719872.jpg,$399.99 ,Laptops,,,,,,,
12600849,"ASUS Zenbook 14"" 2-in-1 Laptop - Grey (Intel Core i5-8250U/512GB SSD/16GB RAM/Windows 10)",https://www.bestbuy.ca/en-ca/product/asus-zenbook-14-2-in-1-laptop-grey-intel-core-i5-8250u-512gb-ssd-16gb-ram-windows-10/12600849.aspx?,https://multimedia.bbycastatic.ca/multimedia/products/150x150/126/12600/12600849.jpg,"$1,399.99 ",Laptops,,,,,,,
12893313,"ASUS VivoBook 15.6"" Laptop (AMD Dual-Core R3-2200U/128GB SSD/6GB RAM/Windows 10) - Open Box",https://www.bestbuy.ca/en-ca/product/asus-vivobook-15-6-laptop-amd-dual-core-r3-2200u-128gb-ssd-6gb-ram-windows-10-open-box/12893313.aspx?,https://multimedia.bbycastatic.ca/multimedia/products/150x150/128/12893/12893313.jpg,$449.99 ,Laptops,,,,,,,
12644959,"ASUS ZenBook S 13.3"" Touchscreen Laptop - Blue (Intel Core i7-8550U/512GB SSD/16GB RAM) - English",https://www.bestbuy.ca/en-ca/product/asus-zenbook-s-13-3-touchscreen-laptop-blue-intel-core-i7-8550u-512gb-ssd-16gb-ram-english/12644959.aspx?,https://multimedia.bbycastatic.ca/multimedia/products/150x150/126/12644/12644959.jpg,"$1,799.99 ",Laptops,,,,,,,
11558808,"ASUS ZenBook 14"" Laptop - Grey (Intel Core i5-8250U / 512 GB SSD / 16GB RAM / Windows 10)",https://www.bestbuy.ca/en-ca/product/asus-zenbook-14-laptop-grey-intel-core-i5-8250u-512-gb-ssd-16gb-ram-windows-10/11558808.aspx?,https://multimedia.bbycastatic.ca/multimedia/products/150x150/115/11558/11558808.jpg,"$1,399.95 ",Laptops,,,,,,,
13199459,"ASUS VivoBook 15.6"" Laptop - Dark Grey (AMD Quad-Core R5-2500U/256GB SSD/8GB RAM/Windows 10)",https://www.bestbuy.ca/en-ca/product/asus-vivobook-15-6-laptop-dark-grey-amd-quad-core-r5-2500u-256gb-ssd-8gb-ram-windows-10/13199459.aspx?,https://multimedia.bbycastatic.ca/multimedia/products/150x150/131/13199/13199459.jpg,$799.99 ,Laptops,,,,,,,
12918542,"ASUS 14"" Laptop - Star Grey (Intel Pentium Silver N5000/64GB eMMC/4GB RAM/Windows 10 S) - Open Box",https://www.bestbuy.ca/en-ca/product/asus-14-laptop-star-grey-intel-pentium-silver-n5000-64gb-emmc-4gb-ram-windows-10-s-open-box/12918542.aspx?,https://multimedia.bbycastatic.ca/multimedia/products/150x150/129/12918/12918542.jpg,$369.99 ,Laptops,,,,,,,
12315112,"ASUS 14"" Laptop - Star Grey (Intel Dual-Core Celeron N3060/64GB eMMC HDD/4GB RAM/Windows 10)",https://www.bestbuy.ca/en-ca/product/asus-14-laptop-star-grey-intel-dual-core-celeron-n3060-64gb-emmc-hdd-4gb-ram-windows-10/12315112.aspx?,https://multimedia.bbycastatic.ca/multimedia/products/150x150/123/12315/12315112.jpg,$229.97 ,Laptops,,,,,,,
12644961,"ASUS VivoBook S15 15.6"" Laptop -Silver/Yellow (Intel Core i5-8250U/256GB SSD/8GB RAM/Win 10)-English",https://www.bestbuy.ca/en-ca/product/asus-vivobook-s15-15-6-laptop-silver-yellow-intel-core-i5-8250u-256gb-ssd-8gb-ram-win-10-english/12644961.aspx?,https://multimedia.bbycastatic.ca/multimedia/products/150x150/126/12644/12644961.jpg,$899.95 ,Laptops,,,,,,,
12408585,ASUS Notebook UX461UA-DS51T 14.0inch Core i5-8250U 8GB 256GB Intel HD Windows 10 TOUCH Grey Retail,https://www.bestbuy.ca/en-ca/product/asus-notebook-ux461ua-ds51t-14-0inch-core-i5-8250u-8gb-256gb-intel-hd-windows-10-touch-grey-retail/12408585.aspx?,https://multimedia.bbycastatic.ca/multimedia/products/150x150/124/12408/12408585.jpg,"$1,586.79 ",Laptops,,,,,,,
13408243,"ASUS ZenBook UX430 14"" Laptop - Grey Metal (Intel Core i5-8250U/512GB SSD/8GB RAM/Windows 10)",https://www.bestbuy.ca/en-ca/product/asus-zenbook-ux430-14-laptop-grey-metal-intel-core-i5-8250u-512gb-ssd-8gb-ram-windows-10/13408243.aspx?,https://multimedia.bbycastatic.ca/multimedia/products/150x150/134/13408/13408243.jpg,"$1,199.99 ",Laptops,,,,,,,
10656356,"ASUS C301 13.3"" Chromebook - (Intel Quad-Core Celeron N3160/16GB SSD/4GB RAM/Chrome OS) - Open Box",https://www.bestbuy.ca/en-ca/product/asus-c301-13-3-chromebook-intel-quad-core-celeron-n3160-16gb-ssd-4gb-ram-chrome-os-open-box/10656356.aspx?,https://multimedia.bbycastatic.ca/multimedia/products/150x150/106/10656/10656356.jpg,$279.97 ,Laptops,,,,,,,
12553754,"ASUS VivoBook 15.6"" Laptop - Gold (Intel Core i5-8250U/512GB SSD/16GB RAM/Windows 10) - Open Box",https://www.bestbuy.ca/en-ca/product/asus-vivobook-15-6-laptop-gold-intel-core-i5-8250u-512gb-ssd-16gb-ram-windows-10-open-box/12553754.aspx?,https://multimedia.bbycastatic.ca/multimedia/products/150x150/125/12553/12553754.jpg,"$1,149.99 ",Laptops,,,,,,,
13309283,"ASUS L406MA 14"" Laptop - Star Grey (Intel Celeron N4000/64GB HDD/4GB RAM/Windows 10) - Open Box",https://www.bestbuy.ca/en-ca/product/asus-l406ma-14-laptop-star-grey-intel-celeron-n4000-64gb-hdd-4gb-ram-windows-10-open-box/13309283.aspx?,https://multimedia.bbycastatic.ca/multimedia/products/150x150/133/13309/13309283.jpg,$279.99 ,Laptops,,,,,,,
12600688,"ASUS VivoBook X541NA 15.6"" Quad-Core 1.1GHz 1TB 8GB Windows 10 Home - Manufacture Certified Refurbished",https://www.bestbuy.ca/en-ca/product/asus-vivobook-x541na-15-6-quad-core-1-1ghz-1tb-8gb-windows-10-home-manufacture-certified-refurbished/12600688.aspx?,https://multimedia.bbycastatic.ca/multimedia/products/150x150/126/12600/12600688.jpg,$445.00 ,Laptops,,,,,,,
13024562,"ASUS VivoBook 15.6"" Touchscreen Laptop (Intel Core i5-7200U/1TB HDD/8GB RAM/Windows 10) - Open Box",https://www.bestbuy.ca/en-ca/product/asus-vivobook-15-6-touchscreen-laptop-intel-core-i5-7200u-1tb-hdd-8gb-ram-windows-10-open-box/13024562.aspx?,https://multimedia.bbycastatic.ca/multimedia/products/150x150/130/13024/13024562.jpg,$649.99 ,Laptops,,,,,,,
10520089,"ASUS 15.6"" Laptop - Black/Gold (Intel Core i7-5500U/1TB HDD/8GB RAM/Windows 10) - Open Box",https://www.bestbuy.ca/en-ca/product/asus-asus-15-6-laptop-black-gold-intel-core-i7-5500u-1tb-hdd-8gb-ram-windows-10-open-box-x540lj-bb71-cb/10520089.aspx?,https://multimedia.bbycastatic.ca/multimedia/products/150x150/105/10520/10520089.jpg,$749.97 ,Laptops,,,,,,,
10210850,ASUS 8x External DVD/RW Slim Drive (SDRW-08D2S-U/B/G/ACI),https://www.bestbuy.ca/en-ca/product/asus-asus-8x-external-dvd-rw-slim-drive-sdrw-08d2s-u-b-g-aci-sdrw-08d2s-u-b-g-aci/10210850.aspx?,https://multimedia.bbycastatic.ca/multimedia/products/150x150/102/10210/10210850.jpg,$49.99 ,Optical Drives & Media,,,,,,,
10210849,ASUS 6x External Blu-Ray Drive (SBC-06D2X-U/BLK/G),https://www.bestbuy.ca/en-ca/product/asus-asus-6x-external-blu-ray-drive-sbc-06d2x-u-blk-g-sbc-06d2x-u-blk-g/10210849.aspx?,https://multimedia.bbycastatic.ca/multimedia/products/150x150/102/10210/10210849.jpg,$99.99 ,Optical Drives & Media,,,,,,,
10516455,Alienware Laptop Graphics Amplifier,https://www.bestbuy.ca/en-ca/product/dell-alienware-laptop-graphics-amplifier-452-bcfe/10516455.aspx?,https://multimedia.bbycastatic.ca/multimedia/products/150x150/105/10516/10516455.jpg,$269.99 ,Other Computer Accessories,,,,,,,
10539175,ASUS ZenBeam E1 DLP Pocket Projector,https://www.bestbuy.ca/en-ca/product/asus-asus-zenbeam-e1-dlp-pocket-projector-zenbeam-e1/10539175.aspx?,https://multimedia.bbycastatic.ca/multimedia/products/150x150/105/10539/10539175.jpg,$299.99 ,Projectors & Accessories,,,,,,,
13041590,ASUS ROG Phone 128GB - Black - Unlocked,https://www.bestbuy.ca/en-ca/product/asus-rog-phone-128gb-black-unlocked/13041590.aspx?,https://multimedia.bbycastatic.ca/multimedia/products/150x150/130/13041/13041590.jpg,"$1,199.99 ",Unlocked ASUS Phones,,,,,,,
12910448,ASUS ZenFone Live L1 - Black - Unlocked,https://www.bestbuy.ca/en-ca/product/asus-zenfone-live-l1-black-unlocked/12910448.aspx?,https://multimedia.bbycastatic.ca/multimedia/products/150x150/129/12910/12910448.jpg,$179.99 ,Unlocked ASUS Phones,,,,,,,
12554086,Unlocked ASUS ZenFone 5Q 64GB - Midnight Black,https://www.bestbuy.ca/en-ca/product/unlocked-asus-zenfone-5q-64gb-midnight-black/12554086.aspx?,https://multimedia.bbycastatic.ca/multimedia/products/150x150/125/12554/12554086.jpg,$479.99 ,Unlocked ASUS Phones,,,,,,,
12321243,ASUS ZenFone Max Plus (M1) 32GB - Moonlight Black - Unlocked,https://www.bestbuy.ca/en-ca/product/asus-zenfone-max-plus-m1-32gb-moonlight-black-unlocked/12321243.aspx?,https://multimedia.bbycastatic.ca/multimedia/products/150x150/123/12321/12321243.jpg,$299.99 ,Unlocked ASUS Phones,,,,,,,
12718035,ASUS ZenFone 5Z - Midnight Blue - Unlocked,https://www.bestbuy.ca/en-ca/product/asus-zenfone-5z-midnight-blue-unlocked/12718035.aspx?,https://multimedia.bbycastatic.ca/multimedia/products/150x150/127/12718/12718035.jpg,$799.99 ,Unlocked ASUS Phones,,,,,,,
13331510,ASUS ZenFone 4 ZE554KL 32GB GSM Unlocked Smartphone in Midnight Black [New in Box],https://www.bestbuy.ca/en-ca/product/asus-zenfone-4-ze554kl-32gb-gsm-unlocked-smartphone-in-midnight-black-new-in-box/13331510.aspx?,https://multimedia.bbycastatic.ca/multimedia/products/150x150/133/13331/13331510.jpg,$219.99 ,Unlocked ASUS Phones,,,,,,,
13446596,ASUS ZenFone Live L1 - Black - Unlocked - Open Box,https://www.bestbuy.ca/en-ca/product/asus-zenfone-live-l1-black-unlocked-open-box/13446596.aspx?,https://multimedia.bbycastatic.ca/multimedia/products/150x150/134/13446/13446596.jpg,$149.99 ,Unlocked ASUS Phones,,,,,,,
12554085,Unlocked ASUS ZenFone Max (M1) 16GB - Deepsea Black,https://www.bestbuy.ca/en-ca/product/unlocked-asus-zenfone-max-m1-16gb-deepsea-black/12554085.aspx?,https://multimedia.bbycastatic.ca/multimedia/products/150x150/125/12554/12554085.jpg,$249.99 ,Unlocked ASUS Phones,,,,,,,
13024542,Unlocked ASUS ZenFone Max (M1) 16GB - Deepsea Black - Open Box,https://www.bestbuy.ca/en-ca/product/unlocked-asus-zenfone-max-m1-16gb-deepsea-black-open-box/13024542.aspx?,https://multimedia.bbycastatic.ca/multimedia/products/150x150/130/13024/13024542.jpg,$179.99 ,Unlocked ASUS Phones,,,,,,,
10542976,"ASUS Transformer Book 10.1"" 64GB Win 10 Tablet & Keyboard With Intel Quad-Core Atom Z8350 - Grey",https://www.bestbuy.ca/en-ca/product/asus-transformer-book-10-1-64gb-win-10-tablet-keyboard-with-intel-quad-core-atom-z8350-grey/10542976.aspx?,https://multimedia.bbycastatic.ca/multimedia/products/150x150/105/10542/10542976.jpg,$398.98 ,Windows Tablets,,,,,,,
10452373,ASUS Wireless AC1900 Dual-Band Router (RT-AC1900P),https://www.bestbuy.ca/en-ca/product/asus-asus-wireless-ac1900-dual-band-router-rt-ac1900p-rt-ac1900p/10452373.aspx?,https://multimedia.bbycastatic.ca/multimedia/products/150x150/104/10452/10452373.jpg,$159.99 ,Wireless Routers,,,,,,,
10399527,ASUS AC3100 4x4 Wireless Dual-Band 4-Port Gigabit Gaming Router with AiProtection (RT-AC3100),https://www.bestbuy.ca/en-ca/product/asus-asus-ac3100-4x4-wireless-dual-band-4-port-gigabit-gaming-router-with-aiprotection-rt-ac3100-rt-ac3100/10399527.aspx?,https://multimedia.bbycastatic.ca/multimedia/products/150x150/103/10399/10399527.jpg,$249.99 ,Wireless Routers,,,,,,,
11281277,ASUS Wireless AC2900 Dual-Band Gigabit Router (RT-AC86U),https://www.bestbuy.ca/en-ca/product/asus-wireless-ac2900-dual-band-gigabit-router-rt-ac86u/11281277.aspx?,https://multimedia.bbycastatic.ca/multimedia/products/150x150/112/11281/11281277.jpg,$269.99 ,Wireless Routers,,,,,,,
12419959,Asus Lyra Trio AC5250 Dual-Band MU-MIMO Mesh Wi-Fi System with AiProtection Security â€“ 3 Pack,https://www.bestbuy.ca/en-ca/product/asus-lyra-trio-ac5250-dual-band-mu-mimo-mesh-wi-fi-system-with-aiprotection-security-3-pack/12419959.aspx?,https://multimedia.bbycastatic.ca/multimedia/products/150x150/124/12419/12419959.jpg,$249.99 ,Wireless Routers,,,,,,,
13204531,ASUS Wireless RT-AX88U Dual-Band Gigabit Router (RT-AX88U),https://www.bestbuy.ca/en-ca/product/asus-wireless-rt-ax88u-dual-band-gigabit-router-rt-ax88u/13204531.aspx?,https://multimedia.bbycastatic.ca/multimedia/products/150x150/132/13204/13204531.jpg,$469.99 ,Wireless Routers,,,,,,,
13376030,ASUS ROG Gaming Wireless AX11000 Tri-Band Router (ROG GT-AX11000),https://www.bestbuy.ca/en-ca/product/asus-rog-gaming-wireless-ax11000-tri-band-router-rog-gt-ax11000/13376030.aspx?,https://multimedia.bbycastatic.ca/multimedia/products/150x150/133/13376/13376030.jpg,$599.99 ,Wireless Routers,,,,,,,
10738526,ASUS Wireless AC1750 Dual-Band Gigabit Router (RT-AC1750),https://www.bestbuy.ca/en-ca/product/asus-wireless-ac1750-dual-band-gigabit-router-rt-ac1750/10738526.aspx?,https://multimedia.bbycastatic.ca/multimedia/products/150x150/107/10738/10738526.jpg,$129.99 ,Wireless Routers,,,,,,,
10302583,ASUS Wireless AC1300 USB 3.0 Wi-Fi Adapter with External High Gain Antenna (USB-AC56R),https://www.bestbuy.ca/en-ca/product/asus-asus-wireless-ac1300-usb-3-0-wi-fi-adapter-with-external-high-gain-antenna-usb-ac56r-usb-ac56r/10302583.aspx?,https://multimedia.bbycastatic.ca/multimedia/products/150x150/103/10302/10302583.jpg,$59.99 ,Wireless USB Adapters,,,,,,,